INSERT INTO users (user_id, username, password, email, created_at, last_login) VALUES
  ('123e4567-e89b-12d3-a456-426614174000', 'user1', 'password1', 'user1@example.com', '2023-01-01 12:00:00', '2024-01-01 12:00:00'),
  ('123e4567-e89b-12d3-a456-426614174001', 'user2', 'password2', 'user2@example.com', '2023-02-01 12:00:00', '2024-02-01 12:00:00'),
  ('123e4567-e89b-12d3-a456-426614174002', 'user3', 'password3', 'user3@example.com', '2023-03-01 12:00:00', '2024-03-01 12:00:00');

INSERT INTO categories (category_id, user_id, name, type, description) VALUES
  ('223e4567-e89b-12d3-a456-426614174000', '123e4567-e89b-12d3-a456-426614174000', 'Groceries', 'Expense', 'Food and supplies'),
  ('223e4567-e89b-12d3-a456-426614174001', '123e4567-e89b-12d3-a456-426614174000', 'Rent', 'Expense', 'Monthly house rent'),
  ('223e4567-e89b-12d3-a456-426614174002', '123e4567-e89b-12d3-a456-426614174000', 'Salary', 'Income', 'Monthly salary'),
  ('223e4567-e89b-12d3-a456-426614174003', '123e4567-e89b-12d3-a456-426614174001', 'Utilities', 'Expense', 'Electricity and water'),
  ('223e4567-e89b-12d3-a456-426614174004', '123e4567-e89b-12d3-a456-426614174001', 'Investment', 'Income', 'Investment income'),
  ('223e4567-e89b-12d3-a456-426614174005', '123e4567-e89b-12d3-a456-426614174001', 'Transport', 'Expense', 'Transportation costs'),
  ('223e4567-e89b-12d3-a456-426614174006', '123e4567-e89b-12d3-a456-426614174002', 'Dining', 'Expense', 'Restaurant and dining'),
  ('223e4567-e89b-12d3-a456-426614174007', '123e4567-e89b-12d3-a456-426614174002', 'Freelance', 'Income', 'Freelance work'),
  ('223e4567-e89b-12d3-a456-426614174008', '123e4567-e89b-12d3-a456-426614174002', 'Entertainment', 'Expense', 'Movies and games');

INSERT INTO transactions (transaction_id, user_id, category_id, amount, type, transaction_date, description) VALUES
  ('323e4567-e89b-12d3-a456-426614174000', '123e4567-e89b-12d3-a456-426614174000', '223e4567-e89b-12d3-a456-426614174000', 200.00, 'Expense', '2024-01-10 12:00:00', 'Grocery shopping'),
  ('323e4567-e89b-12d3-a456-426614174001', '123e4567-e89b-12d3-a456-426614174000', '223e4567-e89b-12d3-a456-426614174001', 800.00, 'Expense', '2024-01-11 12:00:00', 'January rent'),
  ('323e4567-e89b-12d3-a456-426614174002', '123e4567-e89b-12d3-a456-426614174001', '223e4567-e89b-12d3-a456-426614174002', 3000.00, 'Income', '2024-01-15 12:00:00', 'Salary payment'),
  ('323e4567-e89b-12d3-a456-426614174003', '123e4567-e89b-12d3-a456-426614174001', '223e4567-e89b-12d3-a456-426614174003', 150.00, 'Expense', '2024-01-12 12:00:00', 'Electricity bill'),
  ('323e4567-e89b-12d3-a456-426614174004', '123e4567-e89b-12d3-a456-426614174001', '223e4567-e89b-12d3-a456-426614174004', 500.00, 'Income', '2024-01-18 12:00:00', 'Investment return'),
  ('323e4567-e89b-12d3-a456-426614174005', '123e4567-e89b-12d3-a456-426614174002', '223e4567-e89b-12d3-a456-426614174005', 60.00, 'Expense', '2024-01-15 12:00:00', 'Bus ticket'),
  ('323e4567-e89b-12d3-a456-426614174006', '123e4567-e89b-12d3-a456-426614174002', '223e4567-e89b-12d3-a456-426614174006', 75.00, 'Expense', '2024-01-20 12:00:00', 'Restaurant dinner');

--INSERT INTO budgets (budget_id, user_id, category_id, amount, month_dt, year_dt) VALUES
--  ('423e4567-e89b-12d3-a456-426614174000', '123e4567-e89b-12d3-a456-426614174000', '223e4567-e89b-12d3-a456-426614174000', 1000.00, '20240101', '2024'),
--  ('423e4567-e89b-12d3-a456-426614174001', '123e4567-e89b-12d3-a456-426614174001', '223e4567-e89b-12d3-a456-426614174001', 1500.00, '20240101', '2024'),
--  ('423e4567-e89b-12d3-a456-426614174002', '123e4567-e89b-12d3-a456-426614174002', '223e4567-e89b-12d3-a456-426614174002', 2000.00, '20240101', '2024');


INSERT INTO reports (report_id, user_id, report_type, start_time, end_time, generated_date) VALUES
  ('523e4567-e89b-12d3-a456-426614174000', '123e4567-e89b-12d3-a456-426614174000', 'Monthly', '2024-01-01 00:00:00', '2024-01-31 23:59:59', '2024-02-01 12:00:00'),
  ('523e4567-e89b-12d3-a456-426614174001', '123e4567-e89b-12d3-a456-426614174000', 'Yearly', '2024-01-01 00:00:00', '2024-12-31 23:59:59', '2025-01-01 12:00:00'),
  ('523e4567-e89b-12d3-a456-426614174002', '123e4567-e89b-12d3-a456-426614174001', 'Monthly', '2024-01-01 00:00:00', '2024-01-31 23:59:59', '2024-02-01 12:00:00'),
  ('523e4567-e89b-12d3-a456-426614174003', '123e4567-e89b-12d3-a456-426614174001', 'Quarterly', '2024-01-01 00:00:00', '2024-03-31 23:59:59', '2024-04-01 12:00:00'),
  ('523e4567-e89b-12d3-a456-426614174004', '123e4567-e89b-12d3-a456-426614174002', 'Yearly', '2024-01-01 00:00:00', '2024-12-31 23:59:59', '2025-01-01 12:00:00'),
  ('523e4567-e89b-12d3-a456-426614174005', '123e4567-e89b-12d3-a456-426614174002', 'Monthly', '2024-01-01 00:00:00', '2024-01-31 23:59:59', '2024-02-01 12:00:00');

